id,medication_name,generic_name,program_name,manufacturer,description,category,eligibility,required_documents,application_instructions,program_url,image_url
eliquis,"Eliquis","apixaban","Eliquis Support Program","Bristol Myers Squibb","Simulated cost-assistance support for adults prescribed apixaban who need help with medication costs.","Anticoagulant","U.S. resident with a valid prescription; income-based criteria may apply.","Prescription, insurance card if available, and proof of income.","Complete the online enrollment form, submit physician and pharmacy information, and send required documentation for review.","https://www.eliquis.com/","https://images.unsplash.com/photo-1584515933487-779824d29309?auto=format&fit=crop&w=900&q=80"
januvia,"Januvia","sitagliptin","Januvia Savings Program","Merck","Simulated assistance program for patients prescribed sitagliptin who need support paying for treatment.","Diabetes","Medication must be prescribed by a licensed clinician; program availability may vary by insurance situation.","Prescription, patient profile information, and proof of income if requested.","Apply online or through the support team, upload the required documents, and confirm the pharmacy selected for fulfillment.","https://www.januvia.com/","https://images.unsplash.com/photo-1576091160550-2173dba999ef?auto=format&fit=crop&w=900&q=80"
trulicity,"Trulicity","dulaglutide","Trulicity Patient Support","Eli Lilly and Company","Simulated support for patients prescribed dulaglutide who need help understanding coverage and affordability options.","Diabetes","U.S. resident with a valid prescription and proof of need; program terms are simulated for the prototype.","Prescription, insurance information, and proof of income when requested.","Submit an online request, provide the prescriber and pharmacy details, and follow the program instructions for approval.","https://www.trulicity.com/","https://images.unsplash.com/photo-1516549655169-df83a0774514?auto=format&fit=crop&w=900&q=80"
humira,"Humira","adalimumab","Humira Patient Support","AbbVie","Simulated program assistance for patients prescribed adalimumab who may need guidance on access and affordability.","Autoimmune","Patient must have a valid prescription and meet documentation requirements for the simulated support program.","Prescription, proof of identity, and insurance or income information if applicable.","Complete the application online, upload supporting documents, and contact the program team for follow-up instructions.","https://www.humira.com/","https://images.unsplash.com/photo-1582719478250-c89cae4dc85b?auto=format&fit=crop&w=900&q=80"
stelara,"Stelara","ustekinumab","Stelara Support Program","Janssen Pharmaceuticals","Simulated medication support for patients prescribed ustekinumab to help manage treatment costs.","Autoimmune","Prescription must be active; support may require income and insurance documentation.","Prescription, insurance card, and proof of income or financial hardship if requested.","Begin with an online or phone-based enrollment, then submit the required paperwork to the manufacturer support team.","https://www.stelara.com/","https://images.unsplash.com/photo-1532938911079-1b06ac7ceec7?auto=format&fit=crop&w=900&q=80"
xarelto,"Xarelto","rivaroxaban","Xarelto Savings Program","Bayer","Simulated affordability support for patients prescribed rivaroxaban who need help with prescription costs.","Anticoagulant","U.S. resident with a valid prescription and documentation of need; support is simulated for this prototype.","Prescription, insurance information, and proof of income if required.","Submit the online request, provide pharmacy details, and upload the required documents for review.","https://www.xarelto.com/","https://images.unsplash.com/photo-1576765608535-5f04d1e3f289?auto=format&fit=crop&w=900&q=80"
enbrel,"Enbrel","etanercept","Enbrel Patient Support","Amgen","Simulated assistance program for patients prescribed etanercept who may need help with treatment affordability.","Autoimmune","Valid prescription required; income- and insurance-based review may apply.","Prescription, treatment details, and proof of income or coverage information if requested.","Complete the application, submit any required documents, and confirm the pharmacy and enrollment instructions.","https://www.enbrel.com/","https://images.unsplash.com/photo-1559757175-5700dde675bc?auto=format&fit=crop&w=900&q=80"
revlimid,"Revlimid","lenalidomide","Revlimid Support Program","Celgene / Bristol Myers Squibb","Simulated program support for patients prescribed lenalidomide who need help managing treatment costs.","Oncology","Patient must have a valid prescription and meet the eligibility criteria stated in the simulated support program.","Prescription, insurance information, and proof of income if requested.","Enroll through the manufacturer support process, submit documentation, and follow the application instructions provided by the program team.","https://www.revlimid.com/","https://images.unsplash.com/photo-1517841905240-472988babdf9?auto=format&fit=crop&w=900&q=80"
otezla,"Otezla","apremilast","Otezla Patient Support","Amgen","Simulated support for patients prescribed apremilast who may need help with affordability or access questions.","Dermatology","U.S. resident with a valid prescription and documentation of need; support terms are simulated.","Prescription, insurance card if available, and proof of income when requested.","Complete the online assistance form and upload required documentation before the support team reviews the request.","https://www.otezla.com/","https://images.unsplash.com/photo-1576091160399-112ba8d25d1d?auto=format&fit=crop&w=900&q=80"
lantus,"Lantus","insulin glargine","Lantus Savings Program","Sanofi","Simulated affordability support for patients prescribed insulin glargine who need help with medication costs.","Diabetes","Valid prescription required; income and insurance information may be reviewed for simulated support eligibility.","Prescription, insurance information, and proof of income if requested.","Submit the online form, upload required documents, and follow the program instructions to complete enrollment.","https://www.lantus.com/","https://images.unsplash.com/photo-1576765608535-5f04d1e3f289?auto=format&fit=crop&w=900&q=80"
